timestamp,torso_x,torso_y,shoulder_width,head_offset_x,head_offset_y,movement_speed
0.07002401351928711,0.5145977437496185,0.6908926963806152,0.5432981831645867,0.021505504846572876,-0.4601985216140747,0
0.21175932884216309,0.5133022665977478,0.6846403479576111,0.5614406817329919,0.08566164970397949,-0.4404398798942566,0.006385148538104778
0.2767801284790039,0.5058251023292542,0.6880152225494385,0.5534656667645993,0.07043963670730591,-0.4413841962814331,0.0082035214395161
0.3410201072692871,0.5063928514719009,0.6957343816757202,0.5567818387014057,0.06001828610897064,-0.43206465244293213,0.007740010123109324
0.40708208084106445,0.5095609873533249,0.6946973204612732,0.5740926150600908,0.0638824850320816,-0.4366839528083801,0.0033335537982273874
0.4664449691772461,0.5181520730257034,0.6991463899612427,0.5608283593814881,0.07206462323665619,-0.4233614206314087,0.009674759554929855
0.5290427207946777,0.5159178674221039,0.6880455613136292,0.5464383500905606,0.07143530249595642,-0.4203651547431946,0.011323430193313012
0.5859427452087402,0.5112028121948242,0.7020643949508667,0.5641207352003013,0.07394319772720337,-0.4372093677520752,0.014790518663821098
0.6496949195861816,0.5109082013368607,0.7066417932510376,0.5546669969860707,0.07257263362407684,-0.4364280700683594,0.004586869385107609
0.7131059169769287,0.5251827538013458,0.7024320363998413,0.5320644505966631,0.049783557653427124,-0.40774083137512207,0.014882368790200494
0.7815589904785156,0.5092356503009796,0.711276113986969,0.5638098761251892,0.08110752701759338,-0.4287167191505432,0.018235345305711283
0.8472261428833008,0.5166691690683365,0.7037871479988098,0.5640836717384374,0.05494104325771332,-0.4430745244026184,0.010551863003112382
0.9081311225891113,0.5117311179637909,0.689105749130249,0.567274280649963,0.07090863585472107,-0.40168774127960205,0.015489603656933318
0.9744162559509277,0.5204764753580093,0.6976245641708374,0.5695406952244668,0.06409983336925507,-0.4454805850982666,0.012208664367913716
1.0324621200561523,0.5111633092164993,0.6891483664512634,0.545581866179925,0.04604075849056244,-0.4222407937049866,0.012592894479057605
1.088068962097168,0.5207504779100418,0.6828413009643555,0.5523573473543332,0.0715402215719223,-0.4220736026763916,0.011475751766859832
1.1458466053009033,0.5107401013374329,0.7219200134277344,0.5555504116768932,0.06504029035568237,-0.43625712394714355,0.0403404686006606
1.2103796005249023,0.5406890213489532,0.6664648652076721,0.5402546728527486,0.016813844442367554,-0.41026192903518677,0.06302548114822702
1.2713816165924072,0.5262454003095627,0.670501708984375,0.5355687760485698,0.05421455204486847,-0.38803672790527344,0.014997142941474905
1.3339288234710693,0.5392263531684875,0.6533684730529785,0.5336047703238309,0.02574002742767334,-0.38996660709381104,0.021495416037065326
1.4001216888427734,0.5351985991001129,0.689379870891571,0.5361084784558776,0.04101356863975525,-0.40860289335250854,0.036235943165932566
1.462212324142456,0.5242601782083511,0.7259715795516968,0.5392681430459436,0.0388018935918808,-0.4428749084472656,0.0381916508450846
1.5291109085083008,0.5380624681711197,0.7132982611656189,0.5275597496618194,0.032681092619895935,-0.3952403664588928,0.018738095077441605
1.596686840057373,0.5462442487478256,0.7276756167411804,0.5003553897391032,0.03713811933994293,-0.39998525381088257,0.016542366419333494
1.6609580516815186,0.5552682131528854,0.7186267971992493,0.4899940356494145,0.02397330105304718,-0.38488656282424927,0.012779400169265443
1.7217800617218018,0.565228134393692,0.7403783798217773,0.5063127730121944,0.001166313886642456,-0.40812253952026367,0.02392344828212972
1.78066086769104,0.5684541463851929,0.7691820859909058,0.5272795269767719,-0.013064205646514893,-0.4356037378311157,0.028983799655096877
1.84108567237854,0.5476223826408386,0.7930544912815094,0.5164564524792469,0.0026211142539978027,-0.4404281675815582,0.031683656907930194
1.9036657810211182,0.5517780184745789,0.8108442425727844,0.5349115902981422,-0.005164802074432373,-0.44649428129196167,0.0182686770234762
1.966123104095459,0.5516509860754013,0.8014071583747864,0.5198285416384333,-0.009671732783317566,-0.42979222536087036,0.009437939149546645
2.0232787132263184,0.5488637089729309,0.8092930614948273,0.525340603180799,-0.005554616451263428,-0.4376484453678131,0.008363993165027485
2.0849146842956543,0.5399352014064789,0.8181644678115845,0.5277741109966048,-0.0015334784984588623,-0.44146180152893066,0.012586504574391998
2.140671491622925,0.5429871529340744,0.8205684721469879,0.5281811585128422,-0.00431571900844574,-0.44158557057380676,0.0038850540500012577
2.1994035243988037,0.5508479923009872,0.8061465620994568,0.5180122827286681,-0.017627105116844177,-0.42729371786117554,0.016425111414279235
2.26297926902771,0.5459102839231491,0.8193928599357605,0.5318577141208551,-0.01345871388912201,-0.43978196382522583,0.014136667584428704
2.323472499847412,0.5452868193387985,0.8133802115917206,0.5287053669483358,-0.006830379366874695,-0.44011327624320984,0.006044886119442235
2.381512403488159,0.5477456301450729,0.8087052404880524,0.5303966180697188,-0.01417754590511322,-0.44189217686653137,0.005282149695075351
2.4393391609191895,0.5474218130111694,0.8043366968631744,0.525999392626677,-0.01122051477432251,-0.4441050589084625,0.0043805286140682935
2.499051570892334,0.5451307594776154,0.8028213977813721,0.5267640230106797,0.001566559076309204,-0.4425622224807739,0.0027468268239773915
2.559805393218994,0.5451435148715973,0.8073234856128693,0.5405617343090402,0.013290256261825562,-0.45130816102027893,0.004502105900863586
2.614788770675659,0.5540058612823486,0.7993205785751343,0.5297088543280833,0.003516077995300293,-0.44880378246307373,0.011941009377719514
2.671081066131592,0.5714701861143112,0.7983292937278748,0.5334894742127596,-0.009988650679588318,-0.44142597913742065,0.01749243515022169
2.731191873550415,0.5717666447162628,0.7881410419940948,0.5130725679325394,-0.01068452000617981,-0.45073750615119934,0.010192564009783817
2.7862026691436768,0.5692417025566101,0.8052908182144165,0.5425796714487633,0.019084692001342773,-0.4578820466995239,0.01733465192372497
2.8479092121124268,0.5725554376840591,0.8039746582508087,0.5441758305426398,0.022434696555137634,-0.46254780888557434,0.003565545897151477
2.9107184410095215,0.5970681607723236,0.7802095413208008,0.5125114608229435,-0.003631025552749634,-0.43101024627685547,0.034141680917888086
2.9687013626098633,0.5931539535522461,0.7901703119277954,0.5354017008560791,0.019487321376800537,-0.4494626522064209,0.010702241318848827
3.0269458293914795,0.5936989635229111,0.7947287857532501,0.5260868298976702,0.022024229168891907,-0.447236567735672,0.004590938845756928
3.0863142013549805,0.6037528216838837,0.789958655834198,0.5194716557118134,0.019283264875411987,-0.4462183117866516,0.01112808174689562
3.1495959758758545,0.6031036972999573,0.7853565216064453,0.5289868890089735,0.03279471397399902,-0.4397127628326416,0.004647687803205011
3.2098677158355713,0.602679893374443,0.7901771366596222,0.5212334749229648,0.032153382897377014,-0.44305160641670227,0.004839208536341123
3.270430564880371,0.6097537577152252,0.7898754477500916,0.5216920197439782,0.022915810346603394,-0.44490963220596313,0.00708029469089552
3.324815034866333,0.6065247356891632,0.791347324848175,0.5251759251687319,0.03915342688560486,-0.4372764229774475,0.0035486624855931726
3.383859634399414,0.6077556312084198,0.794344037771225,0.5225381236147337,0.033799439668655396,-0.4437728822231293,0.0032396592602464214
3.4416778087615967,0.6090804636478424,0.7940216660499573,0.5322560326593785,0.025117188692092896,-0.45059794187545776,0.0013634898309923533
3.5032896995544434,0.608496367931366,0.7908364534378052,0.5222359124846367,0.02731567621231079,-0.4485417604446411,0.003238324750641746
3.562178611755371,0.6112755388021469,0.7950241267681122,0.5282761798161748,0.027623668313026428,-0.4477061927318573,0.005025972408436192
3.6173620223999023,0.6066244393587112,0.7946477830410004,0.5356112274557034,0.02760903537273407,-0.45613786578178406,0.004666300529719876
3.672624349594116,0.6080531030893326,0.7975995242595673,0.5309371697450387,0.023557111620903015,-0.454627126455307,0.003279307286086446
3.728590488433838,0.6117262244224548,0.7781525254249573,0.5223063603257346,0.008137941360473633,-0.4422953724861145,0.01979084596476765
3.7862751483917236,0.6042832434177399,0.7943933606147766,0.5337537947717385,0.0052204430103302,-0.4687623381614685,0.01786512507371336
3.8403306007385254,0.6076744347810745,0.783249020576477,0.5274935575603731,-0.00915779173374176,-0.4569828510284424,0.011648883798544915
3.8959338665008545,0.6036162376403809,0.7785099744796753,0.5385363985509282,-0.008732616901397705,-0.45134925842285156,0.00623919241090914
3.9560866355895996,0.5972276926040649,0.7849136590957642,0.5434629698641988,-0.010972738265991211,-0.4647104740142822,0.009045478668559778
4.019776105880737,0.5875108987092972,0.7885367274284363,0.5567371137209084,-0.00896163284778595,-0.4626784920692444,0.010370280022092343
4.077196359634399,0.5912403017282486,0.7841180562973022,0.5403300237315335,-0.021699979901313782,-0.45894718170166016,0.0057821364081869645
4.131576299667358,0.5898299515247345,0.782988965511322,0.5331561563091882,-0.03137245774269104,-0.45879942178726196,0.0018066360174472617
4.185830593109131,0.5758039057254791,0.7945680618286133,0.5512987446568416,-0.03362426161766052,-0.46787238121032715,0.018188057408308266
4.245682716369629,0.5733422636985779,0.7983017563819885,0.5655742077739467,-0.03649550676345825,-0.4837462306022644,0.004472153450689101
4.3066980838775635,0.5775913596153259,0.7837120890617371,0.5377664390362251,-0.031224548816680908,-0.4654921889305115,0.015195828658725343
4.361261606216431,0.5686412751674652,0.789394199848175,0.545724942887439,-0.04397645592689514,-0.4736958146095276,0.010601433611224155
4.423873424530029,0.5652403682470322,0.7855187654495239,0.5483478741181912,-0.04911588132381439,-0.4661674499511719,0.005156079873285301
4.4836084842681885,0.5615365654230118,0.7936679124832153,0.5569112621104982,-0.03317613899707794,-0.4833219051361084,0.008951354798908533
4.545922517776489,0.555119663476944,0.7954181432723999,0.5592222191995426,-0.04191902279853821,-0.45691978931427,0.006651311028726479
4.601893663406372,0.5580663681030273,0.7873430848121643,0.5352633200595864,-0.048044562339782715,-0.459280788898468,0.008595908171310559
4.665189027786255,0.5583799928426743,0.7924315929412842,0.5481610346405665,-0.04324720799922943,-0.4638403654098511,0.00509816393002791
4.727203369140625,0.5558195263147354,0.7944563627243042,0.5541986515793398,-0.05119718611240387,-0.45054709911346436,0.0032643041394646625
4.791913986206055,0.5666923969984055,0.7773144245147705,0.5135275145836988,-0.04789672791957855,-0.44793999195098877,0.020299393155542425
4.854203224182129,0.5694968402385712,0.7739930152893066,0.5277960602324855,-0.044551998376846313,-0.45349812507629395,0.004347029000398736
4.91190242767334,0.569708988070488,0.7843928933143616,0.524714155478852,-0.03180341422557831,-0.47250860929489136,0.010402041609155746
4.9769392013549805,0.5853175818920135,0.773764431476593,0.5295184508793154,-0.03458014130592346,-0.45552700757980347,0.018883654363556563
5.035695791244507,0.5711848586797714,0.7908993363380432,0.5611910793506275,-0.0017874687910079956,-0.48944777250289917,0.022211232068590814
5.096140146255493,0.5868091285228729,0.7870509028434753,0.5400475961682104,0.012906163930892944,-0.48510247468948364,0.016091247574136783
5.155233144760132,0.5833072066307068,0.8046611547470093,0.5622254864048817,0.024604201316833496,-0.5051417350769043,0.017955066946262078
5.216818809509277,0.6008458286523819,0.7812433838844299,0.5342941530215363,0.03842030465602875,-0.48272472620010376,0.029257396579180747
5.2745561599731445,0.6025827527046204,0.7745048403739929,0.5130454010252212,0.03982341289520264,-0.47846049070358276,0.00695879830181169
5.336629867553711,0.6067731380462646,0.7934131622314453,0.5288751684760232,0.06026250123977661,-0.4888174533843994,0.01936708457090223
5.394276142120361,0.6086241900920868,0.7985690236091614,0.5341744670922128,0.06400278210639954,-0.48726505041122437,0.005478074499545122
5.454103469848633,0.6131601333618164,0.7927089929580688,0.5517473667599748,0.07617974281311035,-0.46720314025878906,0.007410448068635885
5.513205289840698,0.6260277777910233,0.7691100537776947,0.5266396440432651,0.06805066764354706,-0.4517734944820404,0.0268791034745487
5.567495346069336,0.6197149008512497,0.7758906483650208,0.5316740998015292,0.08621151745319366,-0.45082682371139526,0.009264387632995507
5.623627185821533,0.6187637001276016,0.7799900472164154,0.5290810963529358,0.09113399684429169,-0.4530969560146332,0.004208307707319466
5.683005332946777,0.6397462785243988,0.7729364037513733,0.5096869762162088,0.08053907752037048,-0.45021551847457886,0.022136451438965348
5.745014667510986,0.6284236907958984,0.7696605026721954,0.5228628552016865,0.09229874610900879,-0.45208218693733215,0.01178696401751298
5.806020975112915,0.6191702038049698,0.7857445776462555,0.5513234528381178,0.09106431901454926,-0.4646076261997223,0.018555982573350054
5.865734338760376,0.6174841821193695,0.7850375771522522,0.5425883352573626,0.0928279459476471,-0.4611470103263855,0.001828255677643397
5.9222571849823,0.6128141134977341,0.7909434139728546,0.5457804538356261,0.10795678198337555,-0.47145572304725647,0.007529173227012856
5.979816913604736,0.6169232130050659,0.779611349105835,0.5505350396275553,0.08731478452682495,-0.4714299440383911,0.012054061262142979
6.038419485092163,0.6301025748252869,0.7798166275024414,0.5324908451257617,0.04897564649581909,-0.47512876987457275,0.01318096040538818
6.093746662139893,0.6208646297454834,0.787801057100296,0.5468402283471429,0.06006544828414917,-0.46663370728492737,0.012210272122297762
6.151731491088867,0.6171850562095642,0.7679764628410339,0.5258490749130152,0.05229085683822632,-0.4596617817878723,0.0201631792867743
6.212486028671265,0.609382152557373,0.7804423570632935,0.5342077196943379,0.0588153600692749,-0.472969651222229,0.014706591181029733
6.272369861602783,0.6154296100139618,0.7869043052196503,0.5386828410047435,0.0519544780254364,-0.49044176936149597,0.008850339861536053
6.331763744354248,0.5988180935382843,0.7948142290115356,0.5522939708674607,0.052842408418655396,-0.4916515350341797,0.01839862424245734
6.39056134223938,0.5937133431434631,0.7808853089809418,0.5445193274052971,0.03498810529708862,-0.4736013114452362,0.014834867367526615
6.452499628067017,0.5834735333919525,0.7843095064163208,0.5420508266221853,-0.01833149790763855,-0.43771934509277344,0.010797167768613596
6.506699085235596,0.590082436800003,0.7772014737129211,0.52750499675231,-0.02500942349433899,-0.4472065567970276,0.009705757732889331
6.568715810775757,0.5765861868858337,0.7768741846084595,0.5419668929463786,-0.008950531482696533,-0.44586193561553955,0.013500217772451467
6.628940582275391,0.598682165145874,0.7525548338890076,0.48096184951589394,-0.023476123809814453,-0.4392344355583191,0.03285822689500879
6.68674635887146,0.5327966213226318,0.7127344310283661,0.4812035682092136,0.09823423624038696,-0.39401552081108093,0.07698421506301244
6.743417024612427,0.5367276668548584,0.7581831812858582,0.5313215043056123,0.04133260250091553,-0.4047467112541199,0.04561843946195796
6.803147554397583,0.5660170763731003,0.7291063666343689,0.48631003267333606,-0.011743113398551941,-0.40337496995925903,0.04127142668002087
6.85887598991394,0.5715161859989166,0.7430552244186401,0.5085031900217181,0.0015436112880706787,-0.4547758102416992,0.014993693346289645
6.917973756790161,0.5627779960632324,0.7409650683403015,0.5096619013754184,-0.009752392768859863,-0.4287521243095398,0.008984693416244575
6.974464178085327,0.5636789053678513,0.7749475836753845,0.5570362046936878,-0.012297198176383972,-0.46060651540756226,0.033994455225437877
7.035503387451172,0.5647265315055847,0.7257667779922485,0.5112476618597993,-0.016187608242034912,-0.41818344593048096,0.04919196243459741
7.096968650817871,0.5705904811620712,0.7165384888648987,0.5079794563037819,-0.045893535017967224,-0.4085589051246643,0.010933765398606823
7.155031204223633,0.5544725507497787,0.7240080833435059,0.524600427263523,0.004706874489784241,-0.4354519844055176,0.017764642480228576
7.211499214172363,0.5637918561697006,0.721541702747345,0.5354932434795737,-0.001130327582359314,-0.4311770796775818,0.009640149726788696
7.27045750617981,0.5877043455839157,0.7028287649154663,0.5284793112108104,-0.00713638961315155,-0.4575423002243042,0.030364143200240383
7.324014186859131,0.5864688009023666,0.6994063854217529,0.5348531699280644,-0.038881465792655945,-0.4291309118270874,0.003638578301905023
7.381639003753662,0.5824460685253143,0.7000417113304138,0.5483902910633164,-0.009763211011886597,-0.46369844675064087,0.004072593128167936
7.4408814907073975,0.5722512453794479,0.7104877233505249,0.575853759144663,-0.024319037795066833,-0.4642983675003052,0.014596355233406674
7.499826431274414,0.5836652368307114,0.7069445848464966,0.5763164419154861,-0.02409963309764862,-0.4790877103805542,0.011951277392322657
7.556267261505127,0.597583070397377,0.6803652048110962,0.5552853698973585,-0.01905377209186554,-0.46003735065460205,0.030002825437875778
7.616302967071533,0.5931356400251389,0.6747070550918579,0.5636524984874697,-0.015680357813835144,-0.47699129581451416,0.0071968253529749275
7.6765618324279785,0.5958536118268967,0.6778156757354736,0.5753285522446699,-0.006263598799705505,-0.48222947120666504,0.004129272698801138
7.732871770858765,0.6001787930727005,0.6721664667129517,0.5572666245466649,-0.01368887722492218,-0.5001320838928223,0.007114826448283673
7.789637327194214,0.612003818154335,0.6884967684745789,0.5641304156418022,-0.028555050492286682,-0.49512332677841187,0.020162092495747803
7.847137928009033,0.6055739969015121,0.6810393333435059,0.5517200906314467,-0.019852563738822937,-0.49261558055877686,0.009846620744063136
7.908162355422974,0.6146038174629211,0.6913837194442749,0.5735163084272882,-0.04152631759643555,-0.49631309509277344,0.013731131897007925
7.9687745571136475,0.6162765622138977,0.6962313652038574,0.5599824126911536,-0.04018378257751465,-0.49769318103790283,0.005128132643791307
8.027447700500488,0.6060172319412231,0.7126091122627258,0.5682961432528727,-0.0019185543060302734,-0.5075557827949524,0.019325745945967764
8.084976434707642,0.6019741743803024,0.7262009978294373,0.5891308918094698,0.007483199238777161,-0.5238198637962341,0.014180467823717825
8.149483919143677,0.5884762406349182,0.7083749175071716,0.5673458541652994,0.02557295560836792,-0.505425751209259,0.022359860354005962
8.205910682678223,0.5986736863851547,0.722835123538971,0.588590032668942,-0.007463559508323669,-0.5111048817634583,0.017694221042789705
8.26342487335205,0.5921154916286469,0.726559579372406,0.58145579630831,0.00465431809425354,-0.5189864039421082,0.007541981816438953
8.316872119903564,0.5923257619142532,0.7217302322387695,0.5992611392065681,0.002911016345024109,-0.5240288972854614,0.004833922561457912
8.375124454498291,0.5855047255754471,0.7181998491287231,0.5872013957194745,0.013081952929496765,-0.5267442464828491,0.0076805039964194305
8.435559749603271,0.5851630866527557,0.7213361263275146,0.5954096918622656,0.029484838247299194,-0.5372625589370728,0.00315482991952929
8.490869045257568,0.5794687718153,0.7025817036628723,0.5629112600157044,0.01937033236026764,-0.5025278925895691,0.019599836503198662
8.54951524734497,0.5888967961072922,0.7012463808059692,0.582885743389876,-0.0043935626745224,-0.4949619770050049,0.009522117893754655
8.606370210647583,0.5820293575525284,0.7128161787986755,0.5914513707322276,0.017558500170707703,-0.5132727026939392,0.013454439337835187
8.669538974761963,0.580345019698143,0.7074707746505737,0.5867613267634182,0.01256801187992096,-0.5045186281204224,0.005604492797235048
8.735592603683472,0.5837093740701675,0.6991272568702698,0.5764113854433414,0.004150852560997009,-0.49357789754867554,0.00899628641667265
8.800734043121338,0.5903420001268387,0.7040144801139832,0.5720209129761005,0.0028829425573349,-0.4886571764945984,0.008238730450835572
8.857921838760376,0.5798425674438477,0.7250577211380005,0.6029197822767839,0.01815509796142578,-0.5150620937347412,0.02351714437297918
8.91729187965393,0.580249086022377,0.7209997177124023,0.601158867796765,0.021564945578575134,-0.5129827260971069,0.004078314499502926
8.977339506149292,0.5990506857633591,0.6936275959014893,0.5534530315768925,-0.020244285464286804,-0.47162044048309326,0.033207426959214414
9.032616376876831,0.5857345163822174,0.6916052103042603,0.5677118853912242,-0.0050276219844818115,-0.45678794384002686,0.013468868196368024
9.093743085861206,0.5864857286214828,0.7097649574279785,0.599409234225143,0.0003112107515335083,-0.47051405906677246,0.018175278138884584
9.152188777923584,0.5902394950389862,0.694794774055481,0.5671983108082789,-0.006073802709579468,-0.436564564704895,0.015433637047804979
9.213474035263062,0.5807456970214844,0.7128521800041199,0.5861693179741599,0.004344642162322998,-0.45177310705184937,0.020401032091319837
9.270616054534912,0.5876586586236954,0.7111037373542786,0.5843211516561905,-0.018152251839637756,-0.44550663232803345,0.007130644417822821
9.330480337142944,0.5831250697374344,0.697858989238739,0.5765042188231894,-0.005094006657600403,-0.43238550424575806,0.013999170719500409
9.387467861175537,0.5912648737430573,0.6737872362136841,0.5547625776738945,-0.024774521589279175,-0.4075899124145508,0.025410739913453825
9.444694519042969,0.5809534043073654,0.6860873103141785,0.5644475093267316,0.0005899816751480103,-0.42528074979782104,0.016050489861710128
9.502637386322021,0.5867387056350708,0.7036263942718506,0.5717324691380364,-0.0126572847366333,-0.43880271911621094,0.01846859977168332
9.560224294662476,0.5805484354496002,0.7033780813217163,0.5683300252054195,-0.005291610956192017,-0.43126821517944336,0.006195248525307953
9.61582064628601,0.5778865814208984,0.6877360343933105,0.5748288670327727,-0.000723719596862793,-0.42181479930877686,0.015866918383245186
9.672464847564697,0.5788017362356186,0.6943225860595703,0.5661114643724819,-0.005082294344902039,-0.4371684789657593,0.006649824898989054
9.73278546333313,0.5800988376140594,0.7051764726638794,0.5968250065539384,0.013391882181167603,-0.4394282102584839,0.010931117344770995
9.789367914199829,0.5824613869190216,0.6970500946044922,0.5965071347771812,0.015469402074813843,-0.4430968761444092,0.008462839924190163
9.849990129470825,0.5941947847604752,0.671044111251831,0.5522302987219191,-0.0110100656747818,-0.4095958471298218,0.028530401242266377
9.906718254089355,0.5731969922780991,0.6890508532524109,0.5654530063594781,0.022122755646705627,-0.4263541102409363,0.027661345712173442
9.965758800506592,0.5691204965114594,0.7216812372207642,0.5914850458733802,0.04049083590507507,-0.4564394950866699,0.0328840352702888
10.024564027786255,0.5638589262962341,0.7104082703590393,0.5910782390530439,0.05610334873199463,-0.4183763861656189,0.012440414100635552
10.081509590148926,0.5561442673206329,0.729974627494812,0.6131747866478362,0.08201619982719421,-0.43488121032714844,0.021032315485329415
10.139483451843262,0.5475578904151917,0.7310368418693542,0.5955732559517694,0.11463803052902222,-0.4211791157722473,0.008651830311545622
10.200257539749146,0.5602726936340332,0.7391467094421387,0.6431888034851424,0.10241132974624634,-0.46692538261413574,0.01508098713420192
10.26028823852539,0.5533047541975975,0.7614575028419495,0.6456598905229299,0.12600401788949966,-0.477861225605011,0.023373568022851725
10.320732593536377,0.5646656379103661,0.7478319406509399,0.635420742955583,0.12068507820367813,-0.43161725997924805,0.017740507990362565
10.380134582519531,0.5530311018228531,0.7706751227378845,0.6185342084225393,0.14643065631389618,-0.4377385973930359,0.025635393459608677
10.437101125717163,0.5528477281332016,0.7595021724700928,0.6140370148039042,0.15515120327472687,-0.4230329990386963,0.0111744549574735
10.501149892807007,0.5639732480049133,0.7445248365402222,0.599565893754774,0.13951224088668823,-0.40971827507019043,0.018657378807647274
10.56217098236084,0.5751484483480453,0.7451924085617065,0.5881186024843191,0.12035949528217316,-0.43424928188323975,0.011195121933815938
10.618233442306519,0.5657954066991806,0.7477448582649231,0.591395158609939,0.14017678797245026,-0.42354756593704224,0.009695070271681832
10.680559396743774,0.5740041732788086,0.7317923903465271,0.5826449774217592,0.12462544441223145,-0.4023497700691223,0.017940598692526146
10.73900580406189,0.5738129764795303,0.7121126651763916,0.567232872680342,0.14952199161052704,-0.40515220165252686,0.019680653926841936
10.79692816734314,0.586118534207344,0.7220841646194458,0.5850383791754701,0.12078134715557098,-0.40935778617858887,0.015838483264990565
10.857218027114868,0.5752362906932831,0.7344530820846558,0.5790638484303949,0.14465317130088806,-0.3911781311035156,0.016474627254068546
10.914329767227173,0.5752939581871033,0.7484034895896912,0.5877431532752713,0.13602757453918457,-0.41818147897720337,0.01395052669602089
10.970566272735596,0.5865975320339203,0.7386341691017151,0.5591453034469259,0.13681837916374207,-0.39770275354385376,0.01494022772608352
11.03201174736023,0.5825643837451935,0.7667092084884644,0.5671952520128546,0.11202815175056458,-0.45428240299224854,0.028363253016647837
11.090487241744995,0.5881407558917999,0.7632583975791931,0.570844491073818,0.12124750018119812,-0.4473274350166321,0.006557745210740776
11.150119066238403,0.5590919554233551,0.7746820449829102,0.5797028831852785,0.13124147057533264,-0.43872201442718506,0.03121430006679585
11.206165075302124,0.5879001021385193,0.7507604360580444,0.5699191559092519,0.1300421953201294,-0.43716537952423096,0.03744532935783367
11.26602554321289,0.5798750072717667,0.7523282766342163,0.5497789167602798,0.12328837811946869,-0.4267864227294922,0.008176813052324865
11.323008060455322,0.5945769548416138,0.7599296569824219,0.5589142933056895,0.09747576713562012,-0.4453476667404175,0.016550777792738898
11.38260793685913,0.5974254012107849,0.7412884831428528,0.5537266102379246,0.0957147479057312,-0.43285220861434937,0.018857545143392322
11.437745332717896,0.5928348451852798,0.7590579986572266,0.5595105998513001,0.11021839082241058,-0.43606603145599365,0.01835289857866793
11.495999813079834,0.5803990066051483,0.7736316323280334,0.5989934897606128,0.11015257239341736,-0.464405357837677,0.019158310978840593
11.552532434463501,0.5919703543186188,0.7628718018531799,0.5666389772011241,0.12572792172431946,-0.45876163244247437,0.015800950596518693
11.609650135040283,0.592122033238411,0.7666001915931702,0.580315409251286,0.12918035686016083,-0.4710196852684021,0.0037314737769377085
11.667643547058105,0.5971498787403107,0.7835386395454407,0.5987783224814548,0.12254104018211365,-0.4905009865760803,0.017668906288244052
11.727404594421387,0.6059122085571289,0.784828782081604,0.5893143477250847,0.09718537330627441,-0.4836076498031616,0.008856799172518245
11.789792776107788,0.601639062166214,0.7987329363822937,0.5958246252632605,0.11300483345985413,-0.5127672553062439,0.014545971500576267
11.847226619720459,0.615617424249649,0.7726843953132629,0.5777840511272212,0.10405036807060242,-0.4815153479576111,0.029562156524188102
11.90424394607544,0.6110763847827911,0.7961409687995911,0.6069360914814733,0.037097662687301636,-0.5026995539665222,0.02389208821260864
11.963608264923096,0.6089505404233932,0.7846115231513977,0.5978037472116264,0.09095688164234161,-0.522195041179657,0.011723793379065865
12.023045778274536,0.6192764192819595,0.767533540725708,0.6177876056182856,0.07596813142299652,-0.5154047012329102,0.019956985191505062
12.080999374389648,0.6245658099651337,0.7539787888526917,0.6143741566562356,0.05604204535484314,-0.508461058139801,0.014550221721275926
12.136100769042969,0.623540997505188,0.7404382824897766,0.5941250039921318,0.08257603645324707,-0.5001147389411926,0.013579232420950845
12.195054769515991,0.6244794577360153,0.7339333295822144,0.6085828012276282,0.07678313553333282,-0.5332651138305664,0.006572299440412551
12.255338430404663,0.6308746933937073,0.710746169090271,0.595421656850607,0.06553494930267334,-0.4943481683731079,0.024052930191487142
12.313383102416992,0.6327299475669861,0.7178412079811096,0.5821779468408977,0.04635077714920044,-0.5109781622886658,0.0073335901787583545
12.36922001838684,0.6195278763771057,0.7083116769790649,0.5508747548400439,0.01630955934524536,-0.4954608678817749,0.016282095836273658
12.429689168930054,0.599345862865448,0.7421359419822693,0.590409516288915,0.044674456119537354,-0.5231476426124573,0.039387746475163174
12.487177610397339,0.6013015806674957,0.7307270169258118,0.5982980588170884,0.03454330563545227,-0.5317493081092834,0.01157533598065778
12.547720909118652,0.5825702995061874,0.7259499430656433,0.5901060169865038,0.02725304663181305,-0.49632638692855835,0.019330838797359196
12.601617097854614,0.5782749652862549,0.6944606304168701,0.5791778606602973,0.016618013381958008,-0.4702810049057007,0.03178091734285074
12.662295579910278,0.5669473260641098,0.7169621586799622,0.5731121964384739,0.002712145447731018,-0.5136721730232239,0.025191946818811158
12.720746040344238,0.5632755607366562,0.7178844213485718,0.5762616995588409,0.0017791539430618286,-0.5135605335235596,0.003785819468728201
12.78049612045288,0.5475556999444962,0.7267023324966431,0.5800771785904276,-0.0061655193567276,-0.5023857355117798,0.018024138823815417
12.836674928665161,0.5409066081047058,0.7013779878616333,0.5622940096889991,-0.018947482109069824,-0.4837833642959595,0.026182682320318413
12.897868871688843,0.5323317795991898,0.7012697458267212,0.5746863002091577,-0.019427314400672913,-0.49334633350372314,0.00857551166036946
12.954707622528076,0.5354200154542923,0.7037939429283142,0.5590536515428749,-0.038089826703071594,-0.4772431254386902,0.003988580161464916
13.012276649475098,0.5331015437841415,0.6937652230262756,0.5888622056934999,-0.04835878312587738,-0.4706045985221863,0.01029322756762116
13.069062948226929,0.5171200633049011,0.6927118897438049,0.5862545380391032,-0.0409102737903595,-0.466879665851593,0.01601615525999617
13.13171911239624,0.5146419703960419,0.6561140418052673,0.5511722415292623,-0.0438004732131958,-0.44998544454574585,0.03668164961117833
13.191344976425171,0.5176317095756531,0.6686334609985352,0.5694411233446818,-0.06448549032211304,-0.4598442316055298,0.012871456689080107
13.247639894485474,0.5080330222845078,0.6674394011497498,0.5706880972140401,-0.04104752838611603,-0.46108049154281616,0.009672671638987659
13.306774854660034,0.5084106177091599,0.6847400069236755,0.5966936273996726,-0.053161755204200745,-0.4782819151878357,0.017304725899288675
13.364326477050781,0.5085554867982864,0.6955690979957581,0.6148634122773877,-0.06599457561969757,-0.4827898144721985,0.010830060041405205
13.42081904411316,0.5136687904596329,0.6680395603179932,0.5713754956626219,-0.07965601980686188,-0.4492306709289551,0.02800038069535155
13.481007099151611,0.5128078758716583,0.6911524534225464,0.6033573043393191,-0.0841311514377594,-0.48073410987854004,0.023128921323535417
13.539615154266357,0.5070197284221649,0.6697618365287781,0.5864697621437959,-0.0667937695980072,-0.4586569666862488,0.022159899412972146
13.598265886306763,0.5075979232788086,0.6844550967216492,0.5940566797217975,-0.07605695724487305,-0.4620499014854431,0.014704632072502171
13.655426979064941,0.5102780610322952,0.6625211238861084,0.5757910974501308,-0.08751995861530304,-0.45672130584716797,0.02209711073258006
13.717193126678467,0.5111944824457169,0.6778440475463867,0.5814466786366977,-0.06908594071865082,-0.47434258460998535,0.015350303505328318
13.778299331665039,0.5007909536361694,0.6738165616989136,0.6033414833257895,-0.053556203842163086,-0.4761313199996948,0.011155897720160388
13.836241245269775,0.513982817530632,0.6949027180671692,0.6079258578416444,-0.07065717875957489,-0.48749810457229614,0.024872701168078878
13.896796226501465,0.5183224976062775,0.6773722171783447,0.6043724710578143,-0.07489603757858276,-0.4773186445236206,0.01805965903808899
13.956913232803345,0.5068199932575226,0.6792827844619751,0.5964698737251228,-0.05065789818763733,-0.4716864824295044,0.011660097496951032
14.015783309936523,0.5232594907283783,0.6683666110038757,0.5865140938430001,-0.06217500567436218,-0.4624907374382019,0.019733725448115073
14.072105884552002,0.5271544009447098,0.684603214263916,0.5898921848398863,-0.05280028283596039,-0.47306907176971436,0.01669723363366621
14.134078979492188,0.5376878082752228,0.7023841142654419,0.5957785899235302,-0.04606407880783081,-0.4889333248138428,0.02066671417653924
14.201862335205078,0.5491709262132645,0.711500883102417,0.6000218601120826,-0.05646379292011261,-0.5042493343353271,0.014662110066624622
14.26673936843872,0.542358934879303,0.7123368382453918,0.5922931640908949,-0.014006376266479492,-0.49482160806655884,0.006863093102605596
14.332205057144165,0.5626866817474365,0.695652425289154,0.57461696857141,-0.022849321365356445,-0.4955978989601135,0.026298040391428194
14.401081800460815,0.559213787317276,0.7207605838775635,0.5652703122107527,0.008861333131790161,-0.4944714307785034,0.025347201490968543
14.46501636505127,0.5788065791130066,0.7226646542549133,0.5899001618501543,-0.00018209218978881836,-0.5064205527305603,0.019685095233519932
14.542099237442017,0.5825618803501129,0.7128620147705078,0.5598038540344636,0.034902602434158325,-0.4984614849090576,0.01049733433985211
14.61357593536377,0.5858801305294037,0.7256404757499695,0.5556680033592301,0.04349365830421448,-0.5123270153999329,0.013202266822632685
14.686753511428833,0.5953759998083115,0.7193388342857361,0.5396479098824304,0.061834052205085754,-0.499687135219574,0.011396588020361626
14.762785196304321,0.614194244146347,0.7157962322235107,0.5333132916357837,0.07417646050453186,-0.5020068883895874,0.01914879498394851
14.851984739303589,0.6182553917169571,0.6955007910728455,0.5656911547644417,0.08371047675609589,-0.48909181356430054,0.020697774061246045
14.939472198486328,0.6398417353630066,0.6956087946891785,0.558299894200497,0.042920827865600586,-0.48132890462875366,0.021586613833264417
15.020427942276001,0.6446303278207779,0.7130165696144104,0.5470728451816455,0.03855268657207489,-0.4793866276741028,0.018054396848805495
15.096838474273682,0.6422356963157654,0.740389883518219,0.5757372348116403,0.04131525754928589,-0.5131333470344543,0.027477856068500676
15.172669172286987,0.6541589200496674,0.7191362380981445,0.5473906747792582,0.03448346257209778,-0.4993255138397217,0.024369667782941473
15.251797676086426,0.6521541774272919,0.70339435338974,0.5494154748038815,0.10066893696784973,-0.47954195737838745,0.01586902413996115
15.325339317321777,0.6453022956848145,0.7265288829803467,0.56299689709865,0.09695297479629517,-0.5106014013290405,0.02412788309801653
15.389543533325195,0.6418113112449646,0.7296304702758789,0.5707229593682602,0.08458322286605835,-0.4885369539260864,0.004669776880224654
15.453925609588623,0.6561992466449738,0.7213779091835022,0.5508298867924418,0.07929661870002747,-0.498460590839386,0.01658666481418873
15.516329288482666,0.6471222639083862,0.7146228551864624,0.5810145621785642,0.11121141910552979,-0.48646700382232666,0.011314697084024444
15.580868244171143,0.6505689471960068,0.7071378231048584,0.555688184194636,0.112298384308815,-0.47055554389953613,0.008240469097557731
15.647141456604004,0.6414570510387421,0.7129608392715454,0.5667157668659235,0.0960972011089325,-0.47380316257476807,0.010813610352619225
15.711250305175781,0.6552352905273438,0.7077062129974365,0.5615077330066387,0.03405207395553589,-0.3921607732772827,0.01474621919970737
15.77944540977478,0.6671895980834961,0.7077754735946655,0.5584466968108921,0.054058074951171875,-0.46723294258117676,0.011954508194710878
15.849697828292847,0.6615807861089706,0.6926687359809875,0.5558048630610253,0.07002241909503937,-0.4779101014137268,0.01611435053280439
15.927510499954224,0.6538997441530228,0.7087156176567078,0.5758533004786952,0.10328404605388641,-0.4879288077354431,0.017790469837629268
16.004034996032715,0.6469223648309708,0.7070200443267822,0.5643428208184135,0.05668722093105316,-0.4944612979888916,0.007180445050340099
16.079241275787354,0.6604041457176208,0.6819684505462646,0.5601633606623889,0.09317117929458618,-0.49686145782470703,0.02844891503765496
16.143633127212524,0.6404382139444351,0.7152702808380127,0.584388733797471,0.07953111827373505,-0.47776687145233154,0.038828473216853315
16.20372748374939,0.6588445603847504,0.7018875479698181,0.586717573442859,0.16266760230064392,-0.5313836932182312,0.022757221453911312
16.263750791549683,0.6617538779973984,0.7081049680709839,0.5950957875781102,0.11371226608753204,-0.5015453100204468,0.006864433092808474
16.324114084243774,0.6533473879098892,0.7142583131790161,0.5951122749731415,0.06638245284557343,-0.4450191259384155,0.010417904377077658
16.382959365844727,0.6570126712322235,0.6855835914611816,0.561565704462533,0.07972130179405212,-0.42891883850097656,0.028908026003659087
16.43842339515686,0.6575620174407959,0.6789348721504211,0.5828878588602767,0.11211639642715454,-0.49096184968948364,0.006671375400181916
16.49600625038147,0.6554349958896637,0.6608798801898956,0.5513734417830035,0.08250579237937927,-0.2884780466556549,0.018179850257183685
16.556992292404175,0.6495676338672638,0.7117130756378174,0.566159552340495,0.07898971438407898,-0.38199448585510254,0.0511706917732066
16.616166591644287,0.6542043089866638,0.6890310645103455,0.5565725905203786,0.137961745262146,-0.4139719605445862,0.023151077403646324
16.67273736000061,0.6598361134529114,0.70124751329422,0.5748342769771915,0.059227943420410156,-0.39093631505966187,0.013452094351255309
16.729727029800415,0.6574918329715729,0.7406457662582397,0.614763087259645,0.11378553509712219,-0.43984925746917725,0.03946793619626035
16.78740096092224,0.6458759009838104,0.690026044845581,0.5726283001102777,0.12384602427482605,-0.3582514524459839,0.05193540287549043
16.845362663269043,0.6651687771081924,0.6977993845939636,0.5924645816553071,-0.05160476267337799,-0.37283045053482056,0.020799997115253023
16.90504789352417,0.6515101939439774,0.7010675668716431,0.5771089344566447,0.15720753371715546,-0.40468740463256836,0.014044141463753412
16.965993642807007,0.644535481929779,0.7086559534072876,0.5782946100927,0.12313944101333618,-0.4122660160064697,0.010306804446352583
17.027122735977173,0.6500597596168518,0.7150198221206665,0.5866336291421533,0.1387782096862793,-0.39424800872802734,0.008427126969793015
17.083231449127197,0.643440842628479,0.7139018177986145,0.5675830549533066,0.12662899494171143,-0.3943939805030823,0.006712674263145579
17.140183925628662,0.6449365466833115,0.7169589400291443,0.5527122351704011,0.09898419678211212,-0.3676016926765442,0.0034033993230359653
17.201789379119873,0.6514392197132111,0.7166700959205627,0.5917324605687708,0.11565849184989929,-0.40929824113845825,0.006509084993518357
17.258152961730957,0.6465038061141968,0.7235651016235352,0.590442267687001,0.15050601959228516,-0.5093358755111694,0.008479352041126563
17.315346240997314,0.6570369750261307,0.7072575688362122,0.5871297047278413,0.08362595736980438,-0.4245409369468689,0.019413481731439763
17.370961904525757,0.6494505405426025,0.6857539415359497,0.5645508044184931,0.06638985872268677,-0.4074658155441284,0.022802630884208457
17.428873777389526,0.6387941837310791,0.7077326774597168,0.5654337973733834,0.08978116512298584,-0.4631514549255371,0.02442586279543042
17.486644983291626,0.6351611912250519,0.7370491623878479,0.5899353347247728,0.0008459389209747314,-0.5446612238883972,0.029540733286264036
17.544912576675415,0.6435851454734802,0.6749187111854553,0.5367606545950491,0.06016319990158081,-0.44597238302230835,0.06269893118540777
17.602969646453857,0.6553346812725067,0.6705068349838257,0.5491892802375027,0.015608340501785278,-0.5198795795440674,0.012550547522363755
17.66229748725891,0.6378490924835205,0.6864243149757385,0.5588713939068229,0.019525527954101562,-0.527782142162323,0.02364554893823499
17.71570324897766,0.6141178756952286,0.6919456720352173,0.5795407050264523,0.01427285373210907,-0.5064586400985718,0.024365057644733058
17.77807593345642,0.611550360918045,0.7007843852043152,0.5336760405124923,-0.002853900194168091,-0.501344621181488,0.00920407424006567
17.836983680725098,0.6023412048816681,0.7363374829292297,0.5554496275385904,-0.02112308144569397,-0.5082469582557678,0.03672643887909175
17.895813465118408,0.5799015164375305,0.7426869869232178,0.5786309809226519,0.004915356636047363,-0.5247581005096436,0.023320716507852658
17.95327377319336,0.5764251947402954,0.7622442841529846,0.603374205900352,-0.003518044948577881,-0.5216651558876038,0.019863853792155075
18.012773513793945,0.5618846565485001,0.7736344337463379,0.578039295805705,0.007245287299156189,-0.5260554552078247,0.01847059172484804
18.074198961257935,0.559861809015274,0.7750428318977356,0.5826127475890512,0.006484121084213257,-0.5312075018882751,0.002464852428754922
18.133883476257324,0.5659304559230804,0.7599108815193176,0.555770336632962,-0.00409272313117981,-0.5071064829826355,0.016303508749546274
18.194137811660767,0.5697683244943619,0.7592785954475403,0.5596146223903996,0.007546946406364441,-0.4894405007362366,0.003889604201842832
18.252359867095947,0.564619779586792,0.756696343421936,0.5461332475490349,-0.004056215286254883,-0.48026037216186523,0.0057598211941865905
18.31085515022278,0.5657579153776169,0.7590389847755432,0.53797533156168,-0.003503844141960144,-0.488589346408844,0.0026044810596330065
18.36861276626587,0.5692995935678482,0.7352623343467712,0.5297375551188039,0.00458274781703949,-0.47294777631759644,0.024038980635941756
18.428903341293335,0.5758329927921295,0.7427902817726135,0.5172018740610922,-0.022892087697982788,-0.45793598890304565,0.00996771277024399
18.486291885375977,0.5848037451505661,0.738996684551239,0.5034747478800364,-0.03917066752910614,-0.45314162969589233,0.00973990645511629
18.549522399902344,0.5785514265298843,0.7482432723045349,0.5078225737448733,-0.04221130907535553,-0.46624046564102173,0.011162028185501306
18.608361959457397,0.5755807459354401,0.7391797304153442,0.5134220977621231,-0.022540420293807983,-0.45747292041778564,0.009537962820818806
18.662853479385376,0.576194241642952,0.7362381219863892,0.5165692850485271,-0.022032156586647034,-0.46702754497528076,0.003004902183505329
18.721442699432373,0.5730405151844025,0.7383424639701843,0.5248509348270679,-0.019846230745315552,-0.46786731481552124,0.003791338254510951
18.77950119972229,0.5818537920713425,0.7219457626342773,0.5029610327848381,-0.023496314883232117,-0.4489891529083252,0.018615199815871026
18.838794231414795,0.5779462158679962,0.7152178883552551,0.5060225824329311,-0.017104536294937134,-0.4434552788734436,0.007780324164151943
18.894043445587158,0.5698967278003693,0.7238490581512451,0.5065126670763003,-0.014077514410018921,-0.4459949731826782,0.011802175655279775
18.95512318611145,0.5603433102369308,0.7368273735046387,0.5436817415576986,-0.004212900996208191,-0.46381711959838867,0.016115348477570828
19.01314640045166,0.5628485977649689,0.7156960964202881,0.4816214942202097,-0.005039900541305542,-0.4608722925186157,0.021279270119384807
19.072123289108276,0.5588089227676392,0.6784647703170776,0.4583051023751451,0.0068534016609191895,-0.4068042039871216,0.03744984135463928
19.131326913833618,0.5492800176143646,0.6616125404834747,0.4553278891355838,0.023221999406814575,-0.37379446625709534,0.01935969224405899
19.190722942352295,0.5555875450372696,0.689532458782196,0.5210398168080815,0.019474074244499207,-0.3544021248817444,0.028623534722287035
19.24640417098999,0.5406543612480164,0.7117618918418884,0.5068681771290785,0.02371680736541748,-0.38358181715011597,0.026779612996437427
19.301987886428833,0.502650260925293,0.6894281506538391,0.457428767081051,0.06660646200180054,-0.3895379900932312,0.04408069460426406
19.35751986503601,0.5368894189596176,0.658632218837738,0.46418492763073066,0.02658577263355255,-0.3940114378929138,0.04605116023860207
19.414098501205444,0.5168925374746323,0.6665212213993073,0.46668659162543963,0.056991174817085266,-0.39792731404304504,0.021496781864758167
19.473167181015015,0.5204342007637024,0.664461761713028,0.46388298986720333,0.04511541128158569,-0.40652063488960266,0.004096919947052501
19.532562971115112,0.5145568996667862,0.6622328758239746,0.47524431840757236,0.04665760695934296,-0.3959221839904785,0.006285745818137532
19.59320855140686,0.5206176936626434,0.6546878516674042,0.5047712710693574,0.047691792249679565,-0.42223164439201355,0.009677841359696415
19.65163564682007,0.5293002426624298,0.6551496684551239,0.479987067748168,0.024801164865493774,-0.40356001257896423,0.00869482213038951
19.71025800704956,0.5289557725191116,0.679686039686203,0.5174350926539404,0.02032969892024994,-0.4437262713909149,0.024538789148386354
19.76978898048401,0.5102134644985199,0.6544981896877289,0.46739681064301325,0.05840429663658142,-0.3977167308330536,0.03139588981832447
19.828896045684814,0.5145457983016968,0.652174562215805,0.4778847572913969,0.044566452503204346,-0.3946424424648285,0.004916132708789315
19.89046835899353,0.5131051540374756,0.6431187987327576,0.4646849181249341,0.046042025089263916,-0.39562124013900757,0.009169640568578996
19.94735860824585,0.5022688806056976,0.6574215292930603,0.4856277310828367,0.06133154034614563,-0.42247670888900757,0.01794416126122574
20.00413179397583,0.49688687920570374,0.6580489277839661,0.4848994999721364,0.06516745686531067,-0.40666741132736206,0.005418447004071101
20.062255144119263,0.5023479759693146,0.6498205959796906,0.48200144032158676,0.0530073344707489,-0.41568031907081604,0.009875678313046284
20.118801593780518,0.5050335675477982,0.6569860279560089,0.49310896958804196,0.05109386146068573,-0.419233113527298,0.007652177306732219
20.17874574661255,0.5100068300962448,0.6768466532230377,0.5072001960172965,0.04644252359867096,-0.43149498105049133,0.020473831502020458
20.2441303730011,0.5111489072442055,0.695251077413559,0.5253939533027837,0.030499599874019623,-0.4499245584011078,0.01843982564984109
20.298891305923462,0.5204481780529022,0.6840969026088715,0.51457204486476,0.02376505732536316,-0.4385848939418793,0.01452212288706458
20.359251499176025,0.5298592448234558,0.6988620162010193,0.5260639970488681,0.02334505319595337,-0.4557933211326599,0.01750933342959824
20.4186007976532,0.5340277552604675,0.7007274925708771,0.5389155920284857,0.013671040534973145,-0.45760348439216614,0.004566889680074768
20.47683310508728,0.5279702246189117,0.7094124555587769,0.5483506494594059,0.017015188932418823,-0.4693716764450073,0.010588779890741725
20.5345458984375,0.5351439416408539,0.7093709707260132,0.5508102551439105,0.0133151113986969,-0.4754214286804199,0.00717383697209881
20.591511487960815,0.5315103977918625,0.7201389372348785,0.5511518491074289,0.016377702355384827,-0.4825179874897003,0.011364494869486683
20.64555811882019,0.5199085921049118,0.6979891061782837,0.515673787756244,0.02085675299167633,-0.4462883472442627,0.025004337844331228
20.70751428604126,0.5154740512371063,0.6866493821144104,0.5141312364061905,0.028660088777542114,-0.4424501061439514,0.012175980229658061
20.765282154083252,0.5193869769573212,0.6808353066444397,0.5054256210191262,0.030700653791427612,-0.4371885657310486,0.007008171035472372
20.820753812789917,0.5160387605428696,0.6821168661117554,0.49685870994052983,0.025387302041053772,-0.43556535243988037,0.0035851008111724776
20.883455991744995,0.5076916664838791,0.6903976798057556,0.49921549848636365,0.03798516094684601,-0.44786351919174194,0.011757799737381825
20.94171714782715,0.5146109610795975,0.6980491280555725,0.5124588936603933,0.02805696427822113,-0.45475274324417114,0.010316069892258566
20.99978256225586,0.5026629269123077,0.6830181181430817,0.5068472874000756,0.050538212060928345,-0.430449515581131,0.019201218176254364
21.05867600440979,0.5293729603290558,0.6684719324111938,0.5078421126171759,0.020624428987503052,-0.43142664432525635,0.0304140987778756
21.11562943458557,0.5380470901727676,0.6603847742080688,0.4956399392899851,0.013580486178398132,-0.39651358127593994,0.011859285659260619
21.17258048057556,0.5551648586988449,0.6944955587387085,0.5415386567753551,-0.014537200331687927,-0.4543883800506592,0.03816495277880069
21.235026121139526,0.5676349550485611,0.6984515190124512,0.5319358647148429,-0.02476663887500763,-0.4577336311340332,0.01308254274438403
21.295937538146973,0.5698685944080353,0.6758666038513184,0.5102152708116182,-0.03021213412284851,-0.4322390556335449,0.022695099418679775
21.354026556015015,0.5692625194787979,0.6646626591682434,0.5246336637090642,-0.029350057244300842,-0.4044329524040222,0.011220325453446239
21.41313624382019,0.5744009763002396,0.657416582107544,0.5224565160293341,-0.03319890797138214,-0.3946242332458496,0.008883094690220025
21.472928762435913,0.5847001075744629,0.6830040812492371,0.5355096063619927,-0.04224801063537598,-0.4479976296424866,0.027582462133207596
21.528372287750244,0.5999443829059601,0.6664345860481262,0.4996251633241458,-0.0532744824886322,-0.4138419032096863,0.022515241539946423
21.583762884140015,0.5909560918807983,0.6230191588401794,0.49223300692865646,-0.03637665510177612,-0.35775989294052124,0.044336087955541684
21.64143419265747,0.5875671803951263,0.6352673172950745,0.49263580813446317,-0.04291674494743347,-0.36754363775253296,0.012708347909698409
21.700647115707397,0.5645641982555389,0.668319821357727,0.44210106024241436,-0.015504151582717896,-0.3707454204559326,0.0402691595656756
21.75967788696289,0.5594798028469086,0.6695031821727753,0.46189509614879865,-0.018030136823654175,-0.37023457884788513,0.005220289215157833
21.817731618881226,0.5639342665672302,0.6856893599033356,0.46466786521691456,-0.03631794452667236,-0.3790217936038971,0.016787930085658213
21.875309705734253,0.5625100433826447,0.6840498149394989,0.4763122336281826,-0.024611443281173706,-0.4031279981136322,0.002171754905129318
21.93484616279602,0.5639257431030273,0.6809168457984924,0.47670939138626045,-0.02846693992614746,-0.4024009108543396,0.0034379792519429846
21.992756605148315,0.562644362449646,0.6986910700798035,0.4786717814000106,-0.03224635124206543,-0.41223031282424927,0.017820353116063857
22.050017833709717,0.5504669845104218,0.7112178206443787,0.4844455084979616,-0.019077450037002563,-0.4180627465248108,0.017470203581578272
22.110504627227783,0.556075781583786,0.7200064659118652,0.4726940909356067,-0.015134841203689575,-0.4425755739212036,0.01042587599426991
22.168778657913208,0.5754790008068085,0.6905876994132996,0.5033594344232774,-0.036628514528274536,-0.43025559186935425,0.03524129308799265
22.228530406951904,0.5702819675207138,0.703216552734375,0.5023268513846223,-0.0466303676366806,-0.4522521495819092,0.01365639378393923
22.286942958831787,0.5536675006151199,0.7107104361057281,0.5326101095854584,-0.012439563870429993,-0.4585705101490021,0.01822632158556732
22.346735954284668,0.5632267892360687,0.7302230000495911,0.5383209500891848,-0.0204678475856781,-0.474138081073761,0.02172832599631044
22.408420085906982,0.5496027767658234,0.736353874206543,0.5477057193511303,-0.00918552279472351,-0.4905813932418823,0.01493992415368237
22.466961145401,0.5424442738294601,0.7270206809043884,0.5391580681377636,-0.004383012652397156,-0.4769001603126526,0.011762340817426744
22.52330183982849,0.5410092324018478,0.7358892261981964,0.5313257930206525,-0.004977628588676453,-0.4920859634876251,0.008983898904556267
22.586010694503784,0.5471059232950211,0.7239479124546051,0.5400531852946953,-0.008268013596534729,-0.47597160935401917,0.013407632668364089
22.64913558959961,0.5361451953649521,0.7403992414474487,0.5196566393455109,0.00729544460773468,-0.4922267198562622,0.019768251879915214
22.70770812034607,0.5323271304368973,0.7404394745826721,0.5148918232424099,0.015848681330680847,-0.4941334128379822,0.0038182769019561797
22.76593804359436,0.534284770488739,0.7327710688114166,0.5351447817592508,0.011576831340789795,-0.5000725090503693,0.007914341516841403
22.836589813232422,0.5489897429943085,0.711013674736023,0.5188664024311087,0.0002973973751068115,-0.4780120849609375,0.02626062477058628
22.903010845184326,0.5452845394611359,0.7268230617046356,0.5287534572577514,0.03140273690223694,-0.4927375018596649,0.01623777230858885
22.973608255386353,0.5613536238670349,0.7498234510421753,0.5637633554638923,0.0481724739074707,-0.516741156578064,0.02805767957836707
23.038175344467163,0.5599239319562912,0.7293137311935425,0.5351229372095629,0.039800360798835754,-0.503003716468811,0.02055948995546944
23.107219696044922,0.5731743276119232,0.7317490577697754,0.5440024896202343,0.033801108598709106,-0.49736690521240234,0.013472334636717506
23.172536611557007,0.5872915685176849,0.7317444682121277,0.5514003246426756,0.030540376901626587,-0.5056024193763733,0.014117241651801225
23.250473499298096,0.5964616984128952,0.7296040654182434,0.5602401615563402,0.026372328400611877,-0.49505358934402466,0.009416613319824525
23.331040382385254,0.5916459113359451,0.7226986289024353,0.5557964244748497,0.04823307693004608,-0.48859912157058716,0.00841883950698523
23.401826858520508,0.600363701581955,0.7310542464256287,0.5515423270283896,0.05155763030052185,-0.4795880913734436,0.012075438334376108
23.47948408126831,0.6041085124015808,0.7190185189247131,0.5609986514716878,0.03984487056732178,-0.4771907925605774,0.012604854007527465
23.56061291694641,0.6014416515827179,0.7229634523391724,0.5742574669736161,0.0477156937122345,-0.4902200698852539,0.004761790238104061
23.6368989944458,0.6026614606380463,0.7169070243835449,0.5530195492898249,0.03947100043296814,-0.48704206943511963,0.00617804610804797
23.711305379867554,0.5926243960857391,0.7292059659957886,0.5619661984578762,0.033510953187942505,-0.48884761333465576,0.0158747166780563
23.785304069519043,0.5885812938213348,0.7392576932907104,0.5642842591234721,0.032273322343826294,-0.49379467964172363,0.010834384963250503
23.85672378540039,0.5675875842571259,0.7343052625656128,0.5552604528496964,0.03724583983421326,-0.48477256298065186,0.021569942312237442
23.926239728927612,0.5553371608257294,0.7394998669624329,0.5600988899050883,0.030253320932388306,-0.49950021505355835,0.013306268789107276
23.991523265838623,0.5494489222764969,0.7210062146186829,0.5388561411788317,0.006664440035820007,-0.47175508737564087,0.019408413902845263
24.05570650100708,0.539579302072525,0.7267062067985535,0.5421261581404753,0.0006272494792938232,-0.47220152616500854,0.011397338014696048
24.120670557022095,0.5309720635414124,0.724727988243103,0.5464971999804643,-0.013400554656982422,-0.46620094776153564,0.008831642190702645
24.1808819770813,0.5135817378759384,0.7356374859809875,0.538284508313436,-0.003323957324028015,-0.47785037755966187,0.020529017697984212
24.24626064300537,0.4992511421442032,0.7430053949356079,0.5597933926492341,-0.007072582840919495,-0.4907325506210327,0.016113722611178428
24.309273719787598,0.4968867599964142,0.7254299521446228,0.5462152929838933,-0.013482540845870972,-0.4814205765724182,0.017733767006475915
24.37774634361267,0.48488759994506836,0.7299994826316833,0.5527202085365165,-0.0064141154289245605,-0.47549372911453247,0.012839799484804635
24.442923069000244,0.48595529794692993,0.7370226383209229,0.5435596148040619,-0.022381603717803955,-0.47507381439208984,0.00710385070637583
24.509297847747803,0.48179198801517487,0.7277411222457886,0.5415367985546444,-0.026072487235069275,-0.4706399440765381,0.010172496755508275
24.57193112373352,0.48863647133111954,0.7116385698318481,0.5130960719248336,-0.041745491325855255,-0.4405231475830078,0.017496832459217977
24.636256217956543,0.46780768036842346,0.7243590354919434,0.5337014782462058,-0.029886364936828613,-0.45139098167419434,0.02440591689687874
24.70075225830078,0.475082628428936,0.714163064956665,0.5083851260432536,-0.03666367381811142,-0.43952691555023193,0.012525281810778506
24.759803533554077,0.4689144566655159,0.6867421269416809,0.49675390821669324,-0.047517962753772736,-0.417668879032135,0.028106123612562706
24.821850538253784,0.45865505933761597,0.7049515843391418,0.5164545418992803,-0.04484105110168457,-0.4452267289161682,0.02090070745792269
24.877490758895874,0.45858172327280045,0.7129254341125488,0.5257824024538912,-0.03128243237733841,-0.44190263748168945,0.00797418700478395
24.936976671218872,0.4701166898012161,0.6711586117744446,0.46519324007101176,-0.058420464396476746,-0.4075605273246765,0.04333039234803251
25.000998973846436,0.44929738342761993,0.7175483107566833,0.5204711464752925,-0.0390879362821579,-0.4486939311027527,0.05084729776045516
25.058537006378174,0.47052808851003647,0.6967648267745972,0.5130108335456142,-0.0702483281493187,-0.4352726936340332,0.029710201021369415
25.115081787109375,0.4642253816127777,0.6977642476558685,0.5054801957084041,-0.0706125795841217,-0.4307309091091156,0.006381454092185758
25.171626806259155,0.45608367770910263,0.7041450142860413,0.5016158649387618,-0.060744814574718475,-0.43511050939559937,0.010344154157969798
25.23392605781555,0.46498703956604004,0.7123997211456299,0.49660073410420186,-0.06646320223808289,-0.44620323181152344,0.0121412535470316
25.29385495185852,0.45176154375076294,0.709720104932785,0.516565914227832,-0.0621412992477417,-0.4624318778514862,0.013494224046163345
25.353246450424194,0.4467817097902298,0.719142496585846,0.5264610594744672,-0.06557498872280121,-0.4723154902458191,0.010657401687942101
25.413389444351196,0.4465804919600487,0.6973172426223755,0.4960188382330425,-0.05940975993871689,-0.4571115970611572,0.021826181507198318
25.472118616104126,0.4451366662979126,0.7070088386535645,0.510566197419254,-0.06951352953910828,-0.463154673576355,0.00979855429001648
25.530306816101074,0.45902451127767563,0.7187901735305786,0.5069622235050157,-0.10123606771230698,-0.4541492462158203,0.018211866726568132
25.58538055419922,0.44298629462718964,0.7003951072692871,0.48925203911005083,-0.08480538427829742,-0.455280065536499,0.02440497605172419
25.641770601272583,0.4453209266066551,0.6884117126464844,0.5354765367731825,-0.08031480759382248,-0.4564937353134155,0.012208695801164038
25.699970960617065,0.43156230449676514,0.7007308602333069,0.562946875057297,-0.06602513790130615,-0.4973880648612976,0.0184678390622365
25.759317636489868,0.4242710769176483,0.6867602467536926,0.5782789656816639,-0.06057053804397583,-0.49709683656692505,0.015758808349848455
25.814623594284058,0.43324001133441925,0.6880649924278259,0.5647304808174569,-0.07126115262508392,-0.5110192894935608,0.009063340766323848
25.87529683113098,0.42360231280326843,0.6503933668136597,0.5713037961510451,-0.0626019835472107,-0.4657566547393799,0.038884914933573586
25.932014226913452,0.43613284826278687,0.6565926671028137,0.5986484651869649,-0.08838886022567749,-0.49280935525894165,0.01398018751581517
25.988560676574707,0.42634133994579315,0.656691312789917,0.5554763176419982,-0.10084713995456696,-0.4592134952545166,0.00979200521309814
26.046769857406616,0.43764661252498627,0.6471899747848511,0.5837545840204115,-0.09286685287952423,-0.4725947380065918,0.014767688105332051
26.105246782302856,0.445681557059288,0.6289040446281433,0.6059085018647121,-0.0864904373884201,-0.4947076439857483,0.019973371657416784
26.160533666610718,0.42195241153240204,0.6103576421737671,0.5845469799071079,-0.06946687400341034,-0.4661705493927002,0.030117127874945603
26.21967124938965,0.44812700152397156,0.610276997089386,0.571220587657065,-0.09811145067214966,-0.4486069083213806,0.026174714226833616
26.278669118881226,0.44668494164943695,0.6055424213409424,0.5512291109467868,-0.08920235931873322,-0.448897123336792,0.004949317548863992
26.337385892868042,0.45022739470005035,0.6164894104003906,0.5476817544994875,-0.10368324816226959,-0.4714776277542114,0.011505891668335823
26.39529514312744,0.4472951143980026,0.6095491647720337,0.5960563770601133,-0.08069364726543427,-0.46043241024017334,0.007534273498599892
26.45284128189087,0.47039707005023956,0.6346905827522278,0.5476343499907477,-0.12591661512851715,-0.4770132899284363,0.034143685404665225
26.51004719734192,0.4507100582122803,0.6113597750663757,0.5944707612526761,-0.08242380619049072,-0.4581555724143982,0.030527119457658666
26.568807125091553,0.463152751326561,0.6494669914245605,0.6082313220036955,-0.10107074677944183,-0.5057857036590576,0.04008716191632524
26.62750506401062,0.4632868468761444,0.6420009732246399,0.6111291471251882,-0.08651465177536011,-0.49761587381362915,0.007467222333502902
26.682745933532715,0.4598698616027832,0.6292971968650818,0.6128351589469988,-0.07310369610786438,-0.4818095564842224,0.013155292552886642
26.742692470550537,0.45472730696201324,0.6422802209854126,0.5796911275511516,-0.07082666456699371,-0.4829237461090088,0.013964411321011576
26.799758195877075,0.4560118317604065,0.6326389908790588,0.5981503563959473,-0.05990016460418701,-0.48718827962875366,0.009726423901997554
26.858631134033203,0.4579481929540634,0.6420028209686279,0.5753828190497701,-0.08689360320568085,-0.49665212631225586,0.009561945859427356
26.91819190979004,0.43773694336414337,0.6515942811965942,0.5966469781084288,-0.07467480003833771,-0.5143972635269165,0.022371649900950592
26.979615926742554,0.44758812338113785,0.6556084752082825,0.5846808927731642,-0.07958204299211502,-0.5117623209953308,0.010637645476829211
27.038992166519165,0.44888395816087723,0.6421038508415222,0.5821854165596501,-0.0751074030995369,-0.48160427808761597,0.013566652758277445
27.099220037460327,0.4477904140949249,0.6475382447242737,0.5737865423158075,-0.07070615887641907,-0.48814111948013306,0.005543327114384107
27.161758422851562,0.44269998371601105,0.636433482170105,0.5825637777342402,-0.05356873571872711,-0.4626195430755615,0.01221590081930255
27.219274044036865,0.4598771706223488,0.6616666316986084,0.5586685843372121,-0.068675197660923,-0.48287200927734375,0.03052486830672776
27.278077363967896,0.47001413255929947,0.687332034111023,0.5758379479595804,-0.075828917324543,-0.5076528787612915,0.027594761791005944
27.339629411697388,0.47278228402137756,0.7082980275154114,0.5487337718750773,-0.07343417406082153,-0.5070890784263611,0.021147944154216603
27.41168975830078,0.45389847457408905,0.6831213235855103,0.5251714197996654,-0.041307732462882996,-0.4490635395050049,0.03147164882899213
27.472753286361694,0.47612369805574417,0.7109187245368958,0.5355148782779892,-0.0712156668305397,-0.49286383390426636,0.03559011180737708
27.529154300689697,0.4538955092430115,0.6929874420166016,0.5393301596900576,-0.035036712884902954,-0.4780391454696655,0.028559118871511125
27.591352462768555,0.47650665044784546,0.701324462890625,0.5442361800232076,-0.060043394565582275,-0.47830069065093994,0.024099162301599693
27.64716601371765,0.46744921803474426,0.707595944404602,0.6027994584592088,-0.04839199781417847,-0.49392712116241455,0.011016740093968453
27.706542491912842,0.4612414538860321,0.6880534887313843,0.5738824251901538,-0.031892210245132446,-0.4659165143966675,0.020504728953724738
27.764738082885742,0.4693392962217331,0.6920387148857117,0.5625072785765369,-0.04795847833156586,-0.4686275124549866,0.00902535749956789
27.82643222808838,0.45546384155750275,0.6875671148300171,0.5625739363042473,-0.024822011590003967,-0.46606290340423584,0.014578184015754482
27.883627891540527,0.4711359590291977,0.7155823111534119,0.5726109225070201,-0.02754049003124237,-0.4565022587776184,0.03210087991138184
27.941866874694824,0.47573892772197723,0.7062875628471375,0.5809679148708243,-0.04410935938358307,-0.4482470154762268,0.010372061842454454
